From,Quantity,BlockNo,,
0xA38F0392853e37963f8F60F80d8661aC79214A81,800,38092107,,
0xA38F0392853e37963f8F60F80d8661aC79214A81,500,38092102,,
0xE89546063D995dFC96D719e4FF533e82A02dBb88,60,38091758,,
0xE89546063D995dFC96D719e4FF533e82A02dBb88,40,38091753,,
0xE89546063D995dFC96D719e4FF533e82A02dBb88,300,38091745,,
0xE89546063D995dFC96D719e4FF533e82A02dBb88,200,38091739,,
0xE89546063D995dFC96D719e4FF533e82A02dBb88,200,38091734,,
0xE89546063D995dFC96D719e4FF533e82A02dBb88,100,38091716,,
0xE89546063D995dFC96D719e4FF533e82A02dBb88,100,38091489,,
0xFFec801e9f65A54e3E10e99B31D119A7434103eC,300,38085786,,
0x8A597656A254c81B8841eeB36f42305185853fFd,46,38085076,,
0x83FAad862Fb2cD3aA828F7A795f3f559dF0baDD4,1285.92,38085065,,
0xF1a0B22EBEaDEa98B15Acfa219e223951799F910,4.654994317670965,38082271,,
0x8ee5246a2668104302278Bf77481666260BC1751,1,38077987,,
0x9f3cbb6fD7d9583dB18f41addd6E12e84D10EE00,1,37992267,,
0xE89546063D995dFC96D719e4FF533e82A02dBb88,10,37976294,,
0x8ee5246a2668104302278Bf77481666260BC1751,2,37820763,,
0x8ee5246a2668104302278Bf77481666260BC1751,1,37820748,,
0x8ee5246a2668104302278Bf77481666260BC1751,2,37820723,,
0x8ee5246a2668104302278Bf77481666260BC1751,2,37820699,,
0x8ee5246a2668104302278Bf77481666260BC1751,3,37804162,,
0x8ee5246a2668104302278Bf77481666260BC1751,4,37802593,,
0x8ee5246a2668104302278Bf77481666260BC1751,1,37799380,,
,,,,
,,,,
